{
    "confidence_score": 0.8647205233573914,
    "ptm": 0.8450120091438293,
    "iptm": 0.0,
    "ligand_iptm": 0.0,
    "protein_iptm": 0.0,
    "complex_plddt": 0.8696476221084595,
    "complex_iplddt": 0.0,
    "complex_pde": 0.6173430681228638,
    "complex_ipde": 0.0,
    "chains_ptm": {
        "0": 0.8450120091438293
    },
    "pair_chains_iptm": {
        "0": {
            "0": 0.8450120091438293
        }
    }
}